{
    "type": "FeatureCollection",
    "features": {
        "type": "Feature",
        "properties": {
            "state": "DC",
            "counties": 1
        },
        "counties": [
            {
                "name": "District of Columbia",
                "geographicRegion": "District of Columbia, District of Columbia",
                "geometry": {
                    "type": "Polygon",
                    "coordinates": [
                        [
                            [
                                -77.08298,
                                38.96294
                            ],
                            [
                                -77.08217,
                                38.96357
                            ],
                            [
                                -77.07713,
                                38.96757
                            ],
                            [
                                -77.07165,
                                38.97179
                            ],
                            [
                                -77.06873,
                                38.97405
                            ],
                            [
                                -77.06305,
                                38.9785
                            ],
                            [
                                -77.05739,
                                38.98292
                            ],
                            [
                                -77.05434,
                                38.9853
                            ],
                            [
                                -77.04651,
                                38.99132
                            ],
                            [
                                -77.04102,
                                38.99555
                            ],
                            [
                                -77.03533,
                                38.99136
                            ],
                            [
                                -77.02961,
                                38.9869
                            ],
                            [
                                -77.02442,
                                38.98286
                            ],
                            [
                                -77.02024,
                                38.97963
                            ],
                            [
                                -77.01724,
                                38.97733
                            ],
                            [
                                -77.00988,
                                38.97168
                            ],
                            [
                                -77.00598,
                                38.96862
                            ],
                            [
                                -77.00239,
                                38.96583
                            ],
                            [
                                -77.00176,
                                38.96521
                            ],
                            [
                                -76.99723,
                                38.96162
                            ],
                            [
                                -76.99027,
                                38.95618
                            ],
                            [
                                -76.97289,
                                38.94258
                            ],
                            [
                                -76.96959,
                                38.94
                            ],
                            [
                                -76.96317,
                                38.93499
                            ],
                            [
                                -76.94152,
                                38.91827
                            ],
                            [
                                -76.93173,
                                38.91037
                            ],
                            [
                                -76.92626,
                                38.90608
                            ],
                            [
                                -76.92102,
                                38.90197
                            ],
                            [
                                -76.91698,
                                38.89881
                            ],
                            [
                                -76.91168,
                                38.89466
                            ],
                            [
                                -76.91432,
                                38.88901
                            ],
                            [
                                -76.91915,
                                38.88525
                            ],
                            [
                                -76.92387,
                                38.88157
                            ],
                            [
                                -76.93165,
                                38.87552
                            ],
                            [
                                -76.93737,
                                38.87106
                            ],
                            [
                                -76.94354,
                                38.86625
                            ],
                            [
                                -76.94992,
                                38.86128
                            ],
                            [
                                -76.95488,
                                38.85742
                            ],
                            [
                                -76.96468,
                                38.84978
                            ],
                            [
                                -76.97141,
                                38.84453
                            ],
                            [
                                -76.97851,
                                38.839
                            ],
                            [
                                -76.98845,
                                38.83123
                            ],
                            [
                                -76.99654,
                                38.82492
                            ],
                            [
                                -77.03706,
                                38.79317
                            ],
                            [
                                -77.03901,
                                38.79164
                            ],
                            [
                                -77.03897,
                                38.79318
                            ],
                            [
                                -77.03736,
                                38.81453
                            ],
                            [
                                -77.03855,
                                38.8169
                            ],
                            [
                                -77.03887,
                                38.81821
                            ],
                            [
                                -77.0389,
                                38.8194
                            ],
                            [
                                -77.03998,
                                38.82073
                            ],
                            [
                                -77.03976,
                                38.82182
                            ],
                            [
                                -77.04104,
                                38.82329
                            ],
                            [
                                -77.03975,
                                38.82377
                            ],
                            [
                                -77.03887,
                                38.82441
                            ],
                            [
                                -77.0383,
                                38.8271
                            ],
                            [
                                -77.03813,
                                38.828
                            ],
                            [
                                -77.03798,
                                38.82865
                            ],
                            [
                                -77.03779,
                                38.82933
                            ],
                            [
                                -77.03797,
                                38.83062
                            ],
                            [
                                -77.03886,
                                38.83183
                            ],
                            [
                                -77.04201,
                                38.83372
                            ],
                            [
                                -77.04219,
                                38.83222
                            ],
                            [
                                -77.04305,
                                38.83129
                            ],
                            [
                                -77.04371,
                                38.83294
                            ],
                            [
                                -77.04458,
                                38.83414
                            ],
                            [
                                -77.04505,
                                38.83567
                            ],
                            [
                                -77.0453,
                                38.83726
                            ],
                            [
                                -77.04538,
                                38.83869
                            ],
                            [
                                -77.04648,
                                38.83986
                            ],
                            [
                                -77.04775,
                                38.84096
                            ],
                            [
                                -77.04802,
                                38.84126
                            ],
                            [
                                -77.04361,
                                38.84038
                            ],
                            [
                                -77.03338,
                                38.84384
                            ],
                            [
                                -77.03224,
                                38.8497
                            ],
                            [
                                -77.03344,
                                38.8561
                            ],
                            [
                                -77.03683,
                                38.86093
                            ],
                            [
                                -77.04092,
                                38.86266
                            ],
                            [
                                -77.03783,
                                38.86451
                            ],
                            [
                                -77.04043,
                                38.87113
                            ],
                            [
                                -77.04639,
                                38.87392
                            ],
                            [
                                -77.0508,
                                38.87238
                            ],
                            [
                                -77.05362,
                                38.87897
                            ],
                            [
                                -77.06041,
                                38.88302
                            ],
                            [
                                -77.06438,
                                38.88936
                            ],
                            [
                                -77.06715,
                                38.89705
                            ],
                            [
                                -77.07102,
                                38.90114
                            ],
                            [
                                -77.07827,
                                38.90237
                            ],
                            [
                                -77.0783,
                                38.90237
                            ],
                            [
                                -77.08525,
                                38.90313
                            ],
                            [
                                -77.09156,
                                38.90522
                            ],
                            [
                                -77.09701,
                                38.90842
                            ],
                            [
                                -77.10207,
                                38.91195
                            ],
                            [
                                -77.10477,
                                38.91669
                            ],
                            [
                                -77.10778,
                                38.92086
                            ],
                            [
                                -77.11199,
                                38.92422
                            ],
                            [
                                -77.11549,
                                38.92771
                            ],
                            [
                                -77.11852,
                                38.93258
                            ],
                            [
                                -77.11976,
                                38.93434
                            ],
                            [
                                -77.11886,
                                38.93536
                            ],
                            [
                                -77.11684,
                                38.93682
                            ],
                            [
                                -77.11519,
                                38.93816
                            ],
                            [
                                -77.10613,
                                38.94515
                            ],
                            [
                                -77.10026,
                                38.94945
                            ],
                            [
                                -77.0964,
                                38.95245
                            ],
                            [
                                -77.09307,
                                38.95504
                            ],
                            [
                                -77.08871,
                                38.95847
                            ],
                            [
                                -77.08559,
                                38.96087
                            ]
                        ]
                    ]
                },
                "data": [
                    {
                        "year": 2000,
                        "totalvotes": 201894,
                        "dvotes": 171923,
                        "rvotes": 18073,
                        "vote_perc": 1.0,
                        "r_marg": -0.7620335423539085
                    },
                    {
                        "year": 2004,
                        "totalvotes": 227586,
                        "dvotes": 202970,
                        "rvotes": 21256,
                        "vote_perc": 1.0,
                        "r_marg": -0.7984410288857838
                    },
                    {
                        "year": 2008,
                        "totalvotes": 265853,
                        "dvotes": 245800,
                        "rvotes": 17367,
                        "vote_perc": 1.0,
                        "r_marg": -0.8592455229017539
                    },
                    {
                        "year": 2012,
                        "totalvotes": 293764,
                        "dvotes": 267070,
                        "rvotes": 21381,
                        "vote_perc": 1.0,
                        "r_marg": -0.8363482251058673
                    },
                    {
                        "year": 2016,
                        "totalvotes": 311268,
                        "dvotes": 282830,
                        "rvotes": 12723,
                        "vote_perc": 1.0,
                        "r_marg": -0.867763470706915
                    },
                    {
                        "year": 2020,
                        "totalvotes": 344356,
                        "dvotes": 317323,
                        "rvotes": 18586,
                        "vote_perc": 1.0,
                        "r_marg": -0.8675237254469212
                    }
                ]
            }
        ]
    }
}