{
    "type": "FeatureCollection",
    "features": {
        "type": "Feature",
        "properties": {
            "state": "DE",
            "counties": 3
        },
        "counties": [
            {
                "name": "Kent",
                "geographicRegion": "Kent County, Delaware",
                "geometry": {
                    "type": "Polygon",
                    "coordinates": [
                        [
                            [
                                -75.75076,
                                39.1821
                            ],
                            [
                                -75.7509,
                                39.18378
                            ],
                            [
                                -75.75111,
                                39.1863
                            ],
                            [
                                -75.75177,
                                39.19417
                            ],
                            [
                                -75.75204,
                                39.19676
                            ],
                            [
                                -75.7523,
                                39.19945
                            ],
                            [
                                -75.75261,
                                39.20323
                            ],
                            [
                                -75.75353,
                                39.21291
                            ],
                            [
                                -75.75363,
                                39.21395
                            ],
                            [
                                -75.75397,
                                39.21877
                            ],
                            [
                                -75.75437,
                                39.22458
                            ],
                            [
                                -75.75448,
                                39.22687
                            ],
                            [
                                -75.75455,
                                39.22815
                            ],
                            [
                                -75.75479,
                                39.23111
                            ],
                            [
                                -75.75542,
                                39.23794
                            ],
                            [
                                -75.75594,
                                39.24362
                            ],
                            [
                                -75.75607,
                                39.24609
                            ],
                            [
                                -75.75619,
                                39.24755
                            ],
                            [
                                -75.75626,
                                39.24848
                            ],
                            [
                                -75.75639,
                                39.25011
                            ],
                            [
                                -75.75652,
                                39.25176
                            ],
                            [
                                -75.75681,
                                39.25567
                            ],
                            [
                                -75.757,
                                39.25806
                            ],
                            [
                                -75.757,
                                39.25814
                            ],
                            [
                                -75.75702,
                                39.25837
                            ],
                            [
                                -75.75703,
                                39.25845
                            ],
                            [
                                -75.75725,
                                39.26128
                            ],
                            [
                                -75.75794,
                                39.26979
                            ],
                            [
                                -75.75817,
                                39.27262
                            ],
                            [
                                -75.75823,
                                39.27346
                            ],
                            [
                                -75.75842,
                                39.27599
                            ],
                            [
                                -75.75849,
                                39.27683
                            ],
                            [
                                -75.75878,
                                39.28073
                            ],
                            [
                                -75.75966,
                                39.29243
                            ],
                            [
                                -75.75996,
                                39.29633
                            ],
                            [
                                -75.75999,
                                39.29663
                            ],
                            [
                                -75.75882,
                                39.29666
                            ],
                            [
                                -75.71976,
                                39.29862
                            ],
                            [
                                -75.6808,
                                39.29284
                            ],
                            [
                                -75.67412,
                                39.29086
                            ],
                            [
                                -75.66739,
                                39.29046
                            ],
                            [
                                -75.65494,
                                39.2913
                            ],
                            [
                                -75.64916,
                                39.29326
                            ],
                            [
                                -75.63901,
                                39.30139
                            ],
                            [
                                -75.63365,
                                39.30146
                            ],
                            [
                                -75.62791,
                                39.30454
                            ],
                            [
                                -75.6227,
                                39.30855
                            ],
                            [
                                -75.61625,
                                39.30972
                            ],
                            [
                                -75.60939,
                                39.30869
                            ],
                            [
                                -75.60414,
                                39.31114
                            ],
                            [
                                -75.59845,
                                39.30987
                            ],
                            [
                                -75.59662,
                                39.30974
                            ],
                            [
                                -75.5921,
                                39.31054
                            ],
                            [
                                -75.58397,
                                39.30893
                            ],
                            [
                                -75.5689,
                                39.32426
                            ],
                            [
                                -75.5569,
                                39.33771
                            ],
                            [
                                -75.55632,
                                39.34792
                            ],
                            [
                                -75.55057,
                                39.35429
                            ],
                            [
                                -75.54205,
                                39.35457
                            ],
                            [
                                -75.52813,
                                39.3532
                            ],
                            [
                                -75.52003,
                                39.35871
                            ],
                            [
                                -75.48173,
                                39.38625
                            ],
                            [
                                -75.48171,
                                39.38627
                            ],
                            [
                                -75.47705,
                                39.38129
                            ],
                            [
                                -75.47239,
                                39.37631
                            ],
                            [
                                -75.47119,
                                39.37502
                            ],
                            [
                                -75.47117,
                                39.375
                            ],
                            [
                                -75.47091,
                                39.37473
                            ],
                            [
                                -75.47056,
                                39.37435
                            ],
                            [
                                -75.47,
                                39.37375
                            ],
                            [
                                -75.46944,
                                39.37315
                            ],
                            [
                                -75.46864,
                                39.37257
                            ],
                            [
                                -75.46785,
                                39.37199
                            ],
                            [
                                -75.4667,
                                39.37115
                            ],
                            [
                                -75.46555,
                                39.37031
                            ],
                            [
                                -75.46196,
                                39.36768
                            ],
                            [
                                -75.45837,
                                39.36505
                            ],
                            [
                                -75.45207,
                                39.36045
                            ],
                            [
                                -75.44578,
                                39.35584
                            ],
                            [
                                -75.44526,
                                39.35546
                            ],
                            [
                                -75.44475,
                                39.35509
                            ],
                            [
                                -75.44351,
                                39.35402
                            ],
                            [
                                -75.43616,
                                39.34771
                            ],
                            [
                                -75.42604,
                                39.33901
                            ],
                            [
                                -75.42007,
                                39.33388
                            ],
                            [
                                -75.40017,
                                39.31689
                            ],
                            [
                                -75.39449,
                                39.31208
                            ],
                            [
                                -75.38704,
                                39.30581
                            ],
                            [
                                -75.37717,
                                39.29759
                            ],
                            [
                                -75.34652,
                                39.27249
                            ],
                            [
                                -75.34287,
                                39.26949
                            ],
                            [
                                -75.33236,
                                39.2608
                            ],
                            [
                                -75.32102,
                                39.25138
                            ],
                            [
                                -75.31622,
                                39.24531
                            ],
                            [
                                -75.30052,
                                39.22527
                            ],
                            [
                                -75.29021,
                                39.21201
                            ],
                            [
                                -75.27173,
                                39.18821
                            ],
                            [
                                -75.25858,
                                39.17127
                            ],
                            [
                                -75.24902,
                                39.15889
                            ],
                            [
                                -75.24832,
                                39.15799
                            ],
                            [
                                -75.2392,
                                39.14473
                            ],
                            [
                                -75.22659,
                                39.12674
                            ],
                            [
                                -75.22006,
                                39.11737
                            ],
                            [
                                -75.19715,
                                39.08639
                            ],
                            [
                                -75.18929,
                                39.07668
                            ],
                            [
                                -75.17978,
                                39.0674
                            ],
                            [
                                -75.17072,
                                39.05842
                            ],
                            [
                                -75.16846,
                                39.05618
                            ],
                            [
                                -75.16205,
                                39.04501
                            ],
                            [
                                -75.14283,
                                39.01149
                            ],
                            [
                                -75.13652,
                                39.00048
                            ],
                            [
                                -75.13647,
                                39.00029
                            ],
                            [
                                -75.13639,
                                39.00026
                            ],
                            [
                                -75.13615,
                                39.00015
                            ],
                            [
                                -75.13607,
                                39.00011
                            ],
                            [
                                -75.13619,
                                39.00008
                            ],
                            [
                                -75.32711,
                                38.94846
                            ],
                            [
                                -75.34315,
                                38.95339
                            ],
                            [
                                -75.34914,
                                38.94983
                            ],
                            [
                                -75.3635,
                                38.95484
                            ],
                            [
                                -75.37773,
                                38.96088
                            ],
                            [
                                -75.3984,
                                38.94997
                            ],
                            [
                                -75.399,
                                38.93614
                            ],
                            [
                                -75.40328,
                                38.92223
                            ],
                            [
                                -75.40439,
                                38.91606
                            ],
                            [
                                -75.40766,
                                38.91958
                            ],
                            [
                                -75.41453,
                                38.91781
                            ],
                            [
                                -75.42317,
                                38.91428
                            ],
                            [
                                -75.43243,
                                38.91204
                            ],
                            [
                                -75.44409,
                                38.91315
                            ],
                            [
                                -75.46418,
                                38.91074
                            ],
                            [
                                -75.47985,
                                38.9055
                            ],
                            [
                                -75.48581,
                                38.90342
                            ],
                            [
                                -75.48924,
                                38.89092
                            ],
                            [
                                -75.49605,
                                38.88514
                            ],
                            [
                                -75.50426,
                                38.88094
                            ],
                            [
                                -75.51015,
                                38.8748
                            ],
                            [
                                -75.5406,
                                38.84298
                            ],
                            [
                                -75.57003,
                                38.83507
                            ],
                            [
                                -75.68635,
                                38.83127
                            ],
                            [
                                -75.71792,
                                38.82989
                            ],
                            [
                                -75.72278,
                                38.82874
                            ],
                            [
                                -75.72282,
                                38.82878
                            ],
                            [
                                -75.7231,
                                38.83314
                            ],
                            [
                                -75.72379,
                                38.84286
                            ],
                            [
                                -75.7241,
                                38.84756
                            ],
                            [
                                -75.72462,
                                38.85365
                            ],
                            [
                                -75.7253,
                                38.8614
                            ],
                            [
                                -75.7268,
                                38.87783
                            ],
                            [
                                -75.72748,
                                38.88864
                            ],
                            [
                                -75.72838,
                                38.90048
                            ],
                            [
                                -75.72988,
                                38.91973
                            ],
                            [
                                -75.73289,
                                38.95686
                            ],
                            [
                                -75.73501,
                                38.98217
                            ],
                            [
                                -75.73666,
                                39.00492
                            ],
                            [
                                -75.73872,
                                39.02674
                            ],
                            [
                                -75.73894,
                                39.03265
                            ],
                            [
                                -75.7398,
                                39.04361
                            ],
                            [
                                -75.74099,
                                39.05884
                            ],
                            [
                                -75.74217,
                                39.07412
                            ],
                            [
                                -75.74364,
                                39.09474
                            ],
                            [
                                -75.74441,
                                39.10025
                            ],
                            [
                                -75.74468,
                                39.10347
                            ],
                            [
                                -75.74524,
                                39.10952
                            ],
                            [
                                -75.7456,
                                39.11313
                            ],
                            [
                                -75.746,
                                39.11959
                            ],
                            [
                                -75.7462,
                                39.12388
                            ],
                            [
                                -75.7477,
                                39.14307
                            ],
                            [
                                -75.74773,
                                39.14337
                            ],
                            [
                                -75.74798,
                                39.14636
                            ],
                            [
                                -75.74909,
                                39.16036
                            ],
                            [
                                -75.74955,
                                39.16564
                            ],
                            [
                                -75.74976,
                                39.1666
                            ],
                            [
                                -75.74988,
                                39.16783
                            ],
                            [
                                -75.75016,
                                39.1733
                            ],
                            [
                                -75.75047,
                                39.17719
                            ],
                            [
                                -75.75051,
                                39.17791
                            ],
                            [
                                -75.75064,
                                39.18043
                            ],
                            [
                                -75.7507,
                                39.18132
                            ]
                        ]
                    ]
                },
                "data": [
                    {
                        "year": 2000,
                        "totalvotes": 48247,
                        "dvotes": 22790,
                        "rvotes": 24081,
                        "vote_perc": 0.1473060400758406,
                        "r_marg": 0.0039416357024874
                    },
                    {
                        "year": 2004,
                        "totalvotes": 55977,
                        "dvotes": 23872,
                        "rvotes": 31578,
                        "vote_perc": 0.1492043606898206,
                        "r_marg": 0.0205400218567582
                    },
                    {
                        "year": 2008,
                        "totalvotes": 66925,
                        "dvotes": 36392,
                        "rvotes": 29827,
                        "vote_perc": 0.1622770433450045,
                        "r_marg": -0.0159185474719455
                    },
                    {
                        "year": 2012,
                        "totalvotes": 68696,
                        "dvotes": 35527,
                        "rvotes": 32135,
                        "vote_perc": 0.1659576215704322,
                        "r_marg": -0.008194483701626
                    },
                    {
                        "year": 2016,
                        "totalvotes": 74598,
                        "dvotes": 33351,
                        "rvotes": 36991,
                        "vote_perc": 0.1683939168888276,
                        "r_marg": 0.0082167599329115
                    },
                    {
                        "year": 2020,
                        "totalvotes": 87025,
                        "dvotes": 44552,
                        "rvotes": 41009,
                        "vote_perc": 0.1726652248963314,
                        "r_marg": -0.0070296224281264
                    }
                ]
            },
            {
                "name": "New Castle",
                "geographicRegion": "New Castle County, Delaware",
                "geometry": {
                    "type": "Polygon",
                    "coordinates": [
                        [
                            [
                                -75.78232,
                                39.57705
                            ],
                            [
                                -75.78511,
                                39.60617
                            ],
                            [
                                -75.78681,
                                39.6281
                            ],
                            [
                                -75.78744,
                                39.63578
                            ],
                            [
                                -75.78777,
                                39.63867
                            ],
                            [
                                -75.78838,
                                39.64543
                            ],
                            [
                                -75.78888,
                                39.65391
                            ],
                            [
                                -75.78875,
                                39.65523
                            ],
                            [
                                -75.78863,
                                39.67661
                            ],
                            [
                                -75.78909,
                                39.68085
                            ],
                            [
                                -75.78869,
                                39.68798
                            ],
                            [
                                -75.78842,
                                39.69797
                            ],
                            [
                                -75.78867,
                                39.70398
                            ],
                            [
                                -75.78859,
                                39.71671
                            ],
                            [
                                -75.78861,
                                39.72221
                            ],
                            [
                                -75.78594,
                                39.7222
                            ],
                            [
                                -75.77378,
                                39.72247
                            ],
                            [
                                -75.7661,
                                39.73723
                            ],
                            [
                                -75.76178,
                                39.74502
                            ],
                            [
                                -75.75857,
                                39.74995
                            ],
                            [
                                -75.75274,
                                39.75786
                            ],
                            [
                                -75.74852,
                                39.76305
                            ],
                            [
                                -75.74261,
                                39.76968
                            ],
                            [
                                -75.7339,
                                39.77818
                            ],
                            [
                                -75.72385,
                                39.78695
                            ],
                            [
                                -75.71058,
                                39.7968
                            ],
                            [
                                -75.70319,
                                39.80169
                            ],
                            [
                                -75.68653,
                                39.81114
                            ],
                            [
                                -75.68129,
                                39.81372
                            ],
                            [
                                -75.66342,
                                39.82148
                            ],
                            [
                                -75.65963,
                                39.82275
                            ],
                            [
                                -75.64905,
                                39.82641
                            ],
                            [
                                -75.64203,
                                39.82846
                            ],
                            [
                                -75.63827,
                                39.82942
                            ],
                            [
                                -75.63433,
                                39.83042
                            ],
                            [
                                -75.62437,
                                39.83268
                            ],
                            [
                                -75.61421,
                                39.83471
                            ],
                            [
                                -75.60587,
                                39.83614
                            ],
                            [
                                -75.5954,
                                39.83725
                            ],
                            [
                                -75.59494,
                                39.83726
                            ],
                            [
                                -75.59472,
                                39.83729
                            ],
                            [
                                -75.59477,
                                39.83734
                            ],
                            [
                                -75.59468,
                                39.83738
                            ],
                            [
                                -75.59411,
                                39.83752
                            ],
                            [
                                -75.59401,
                                39.83739
                            ],
                            [
                                -75.5933,
                                39.83746
                            ],
                            [
                                -75.59313,
                                39.83748
                            ],
                            [
                                -75.58909,
                                39.83789
                            ],
                            [
                                -75.58774,
                                39.83803
                            ],
                            [
                                -75.58734,
                                39.83807
                            ],
                            [
                                -75.58483,
                                39.83829
                            ],
                            [
                                -75.58482,
                                39.83829
                            ],
                            [
                                -75.5801,
                                39.83871
                            ],
                            [
                                -75.57994,
                                39.83873
                            ],
                            [
                                -75.57985,
                                39.83874
                            ],
                            [
                                -75.57881,
                                39.83884
                            ],
                            [
                                -75.57557,
                                39.8391
                            ],
                            [
                                -75.56501,
                                39.83917
                            ],
                            [
                                -75.55322,
                                39.83857
                            ],
                            [
                                -75.53961,
                                39.83893
                            ],
                            [
                                -75.53295,
                                39.83815
                            ],
                            [
                                -75.52457,
                                39.8375
                            ],
                            [
                                -75.52363,
                                39.83748
                            ],
                            [
                                -75.52278,
                                39.83735
                            ],
                            [
                                -75.51916,
                                39.83687
                            ],
                            [
                                -75.51703,
                                39.83572
                            ],
                            [
                                -75.51433,
                                39.83548
                            ],
                            [
                                -75.51301,
                                39.83536
                            ],
                            [
                                -75.50748,
                                39.83497
                            ],
                            [
                                -75.48106,
                                39.82929
                            ],
                            [
                                -75.46343,
                                39.82398
                            ],
                            [
                                -75.4501,
                                39.81916
                            ],
                            [
                                -75.44623,
                                39.81759
                            ],
                            [
                                -75.44168,
                                39.81568
                            ],
                            [
                                -75.43731,
                                39.81351
                            ],
                            [
                                -75.42963,
                                39.81006
                            ],
                            [
                                -75.42701,
                                39.80872
                            ],
                            [
                                -75.42094,
                                39.80528
                            ],
                            [
                                -75.41653,
                                39.80276
                            ],
                            [
                                -75.41506,
                                39.80192
                            ],
                            [
                                -75.40662,
                                39.79708
                            ],
                            [
                                -75.40541,
                                39.7964
                            ],
                            [
                                -75.40549,
                                39.79637
                            ],
                            [
                                -75.42677,
                                39.7884
                            ],
                            [
                                -75.43617,
                                39.78501
                            ],
                            [
                                -75.43656,
                                39.7849
                            ],
                            [
                                -75.4383,
                                39.7844
                            ],
                            [
                                -75.44523,
                                39.77945
                            ],
                            [
                                -75.45029,
                                39.77528
                            ],
                            [
                                -75.45069,
                                39.77506
                            ],
                            [
                                -75.45021,
                                39.77476
                            ],
                            [
                                -75.44929,
                                39.77444
                            ],
                            [
                                -75.46949,
                                39.74275
                            ],
                            [
                                -75.47307,
                                39.73809
                            ],
                            [
                                -75.47529,
                                39.73107
                            ],
                            [
                                -75.47682,
                                39.72274
                            ],
                            [
                                -75.4818,
                                39.71376
                            ],
                            [
                                -75.4878,
                                39.71482
                            ],
                            [
                                -75.49491,
                                39.70389
                            ],
                            [
                                -75.50919,
                                39.69431
                            ],
                            [
                                -75.51019,
                                39.68149
                            ],
                            [
                                -75.51356,
                                39.67042
                            ],
                            [
                                -75.52011,
                                39.66228
                            ],
                            [
                                -75.52879,
                                39.65268
                            ],
                            [
                                -75.53802,
                                39.64625
                            ],
                            [
                                -75.5443,
                                39.64236
                            ],
                            [
                                -75.55281,
                                39.63616
                            ],
                            [
                                -75.55952,
                                39.63072
                            ],
                            [
                                -75.55345,
                                39.60261
                            ],
                            [
                                -75.54339,
                                39.5957
                            ],
                            [
                                -75.5314,
                                39.58882
                            ],
                            [
                                -75.5198,
                                39.58341
                            ],
                            [
                                -75.51386,
                                39.56402
                            ],
                            [
                                -75.53068,
                                39.5365
                            ],
                            [
                                -75.52801,
                                39.52042
                            ],
                            [
                                -75.52697,
                                39.49917
                            ],
                            [
                                -75.48764,
                                39.39284
                            ],
                            [
                                -75.48171,
                                39.38627
                            ],
                            [
                                -75.48173,
                                39.38625
                            ],
                            [
                                -75.52003,
                                39.35871
                            ],
                            [
                                -75.52813,
                                39.3532
                            ],
                            [
                                -75.54205,
                                39.35457
                            ],
                            [
                                -75.55057,
                                39.35429
                            ],
                            [
                                -75.55632,
                                39.34792
                            ],
                            [
                                -75.5569,
                                39.33771
                            ],
                            [
                                -75.5689,
                                39.32426
                            ],
                            [
                                -75.58397,
                                39.30893
                            ],
                            [
                                -75.5921,
                                39.31054
                            ],
                            [
                                -75.59662,
                                39.30974
                            ],
                            [
                                -75.59845,
                                39.30987
                            ],
                            [
                                -75.60414,
                                39.31114
                            ],
                            [
                                -75.60939,
                                39.30869
                            ],
                            [
                                -75.61625,
                                39.30972
                            ],
                            [
                                -75.6227,
                                39.30855
                            ],
                            [
                                -75.62791,
                                39.30454
                            ],
                            [
                                -75.63365,
                                39.30146
                            ],
                            [
                                -75.63901,
                                39.30139
                            ],
                            [
                                -75.64916,
                                39.29326
                            ],
                            [
                                -75.65494,
                                39.2913
                            ],
                            [
                                -75.66739,
                                39.29046
                            ],
                            [
                                -75.67412,
                                39.29086
                            ],
                            [
                                -75.6808,
                                39.29284
                            ],
                            [
                                -75.71976,
                                39.29862
                            ],
                            [
                                -75.75882,
                                39.29666
                            ],
                            [
                                -75.75999,
                                39.29663
                            ],
                            [
                                -75.76002,
                                39.29723
                            ],
                            [
                                -75.7603,
                                39.30126
                            ],
                            [
                                -75.76081,
                                39.30734
                            ],
                            [
                                -75.76108,
                                39.31158
                            ],
                            [
                                -75.7616,
                                39.31642
                            ],
                            [
                                -75.76287,
                                39.33107
                            ],
                            [
                                -75.76375,
                                39.34375
                            ],
                            [
                                -75.76382,
                                39.34476
                            ],
                            [
                                -75.76394,
                                39.34608
                            ],
                            [
                                -75.76395,
                                39.34621
                            ],
                            [
                                -75.76396,
                                39.34634
                            ],
                            [
                                -75.76424,
                                39.34926
                            ],
                            [
                                -75.76425,
                                39.34929
                            ],
                            [
                                -75.76548,
                                39.36201
                            ],
                            [
                                -75.76585,
                                39.36588
                            ],
                            [
                                -75.76592,
                                39.36663
                            ],
                            [
                                -75.76597,
                                39.36728
                            ],
                            [
                                -75.76618,
                                39.37391
                            ],
                            [
                                -75.76625,
                                39.37614
                            ],
                            [
                                -75.76643,
                                39.37717
                            ],
                            [
                                -75.76655,
                                39.3776
                            ],
                            [
                                -75.76675,
                                39.37926
                            ],
                            [
                                -75.76748,
                                39.38726
                            ],
                            [
                                -75.7687,
                                39.40426
                            ],
                            [
                                -75.77044,
                                39.42479
                            ],
                            [
                                -75.77188,
                                39.45996
                            ],
                            [
                                -75.7728,
                                39.47043
                            ],
                            [
                                -75.77478,
                                39.48161
                            ],
                            [
                                -75.77665,
                                39.49857
                            ],
                            [
                                -75.77763,
                                39.51335
                            ],
                            [
                                -75.77931,
                                39.53316
                            ],
                            [
                                -75.77982,
                                39.54094
                            ],
                            [
                                -75.78233,
                                39.5761
                            ]
                        ]
                    ]
                },
                "data": [
                    {
                        "year": 2000,
                        "totalvotes": 212995,
                        "dvotes": 127539,
                        "rvotes": 78587,
                        "vote_perc": 0.6503088276152647,
                        "r_marg": -0.1494585212301811
                    },
                    {
                        "year": 2004,
                        "totalvotes": 241444,
                        "dvotes": 146171,
                        "rvotes": 93070,
                        "vote_perc": 0.6435589199562864,
                        "r_marg": -0.1415385025455127
                    },
                    {
                        "year": 2008,
                        "totalvotes": 256417,
                        "dvotes": 178768,
                        "rvotes": 74608,
                        "vote_perc": 0.6217496096136873,
                        "r_marg": -0.252562971009573
                    },
                    {
                        "year": 2012,
                        "totalvotes": 252012,
                        "dvotes": 167082,
                        "rvotes": 81230,
                        "vote_perc": 0.6088172837895621,
                        "r_marg": -0.2074035420849066
                    },
                    {
                        "year": 2016,
                        "totalvotes": 262391,
                        "dvotes": 162919,
                        "rvotes": 85525,
                        "vote_perc": 0.5923087515265341,
                        "r_marg": -0.174705472046086
                    },
                    {
                        "year": 2020,
                        "totalvotes": 287633,
                        "dvotes": 195034,
                        "rvotes": 88364,
                        "vote_perc": 0.5706890736294915,
                        "r_marg": -0.2116426261383702
                    }
                ]
            },
            {
                "name": "Sussex",
                "geographicRegion": "Sussex County, Delaware",
                "geometry": {
                    "type": "Polygon",
                    "coordinates": [
                        [
                            [
                                -75.14203,
                                38.45117
                            ],
                            [
                                -75.14948,
                                38.45117
                            ],
                            [
                                -75.15698,
                                38.4512
                            ],
                            [
                                -75.17927,
                                38.45123
                            ],
                            [
                                -75.19323,
                                38.45106
                            ],
                            [
                                -75.21081,
                                38.45116
                            ],
                            [
                                -75.22152,
                                38.45119
                            ],
                            [
                                -75.23342,
                                38.45125
                            ],
                            [
                                -75.24655,
                                38.4513
                            ],
                            [
                                -75.27514,
                                38.45155
                            ],
                            [
                                -75.32899,
                                38.45189
                            ],
                            [
                                -75.34125,
                                38.45197
                            ],
                            [
                                -75.3421,
                                38.45197
                            ],
                            [
                                -75.373,
                                38.45212
                            ],
                            [
                                -75.40756,
                                38.45236
                            ],
                            [
                                -75.41626,
                                38.45261
                            ],
                            [
                                -75.43031,
                                38.45281
                            ],
                            [
                                -75.4397,
                                38.453
                            ],
                            [
                                -75.4563,
                                38.45331
                            ],
                            [
                                -75.48924,
                                38.45396
                            ],
                            [
                                -75.50272,
                                38.45421
                            ],
                            [
                                -75.51162,
                                38.45438
                            ],
                            [
                                -75.52775,
                                38.45481
                            ],
                            [
                                -75.53635,
                                38.45503
                            ],
                            [
                                -75.55302,
                                38.45542
                            ],
                            [
                                -75.55814,
                                38.45551
                            ],
                            [
                                -75.56282,
                                38.45563
                            ],
                            [
                                -75.57044,
                                38.45594
                            ],
                            [
                                -75.58264,
                                38.45627
                            ],
                            [
                                -75.59367,
                                38.45656
                            ],
                            [
                                -75.6052,
                                38.45693
                            ],
                            [
                                -75.64534,
                                38.45826
                            ],
                            [
                                -75.65754,
                                38.4586
                            ],
                            [
                                -75.67679,
                                38.45935
                            ],
                            [
                                -75.69577,
                                38.48593
                            ],
                            [
                                -75.69813,
                                38.5146
                            ],
                            [
                                -75.69949,
                                38.53409
                            ],
                            [
                                -75.70156,
                                38.56066
                            ],
                            [
                                -75.70156,
                                38.56073
                            ],
                            [
                                -75.70162,
                                38.56133
                            ],
                            [
                                -75.70351,
                                38.58531
                            ],
                            [
                                -75.70416,
                                38.59355
                            ],
                            [
                                -75.7043,
                                38.59561
                            ],
                            [
                                -75.70462,
                                38.59983
                            ],
                            [
                                -75.70492,
                                38.60283
                            ],
                            [
                                -75.70511,
                                38.60538
                            ],
                            [
                                -75.70519,
                                38.60661
                            ],
                            [
                                -75.70532,
                                38.60823
                            ],
                            [
                                -75.70544,
                                38.60977
                            ],
                            [
                                -75.70554,
                                38.61098
                            ],
                            [
                                -75.70576,
                                38.61364
                            ],
                            [
                                -75.70583,
                                38.61447
                            ],
                            [
                                -75.70591,
                                38.6155
                            ],
                            [
                                -75.70608,
                                38.61755
                            ],
                            [
                                -75.70618,
                                38.61893
                            ],
                            [
                                -75.70626,
                                38.62089
                            ],
                            [
                                -75.70641,
                                38.6223
                            ],
                            [
                                -75.70647,
                                38.62343
                            ],
                            [
                                -75.70669,
                                38.62531
                            ],
                            [
                                -75.7069,
                                38.62806
                            ],
                            [
                                -75.70699,
                                38.62931
                            ],
                            [
                                -75.70701,
                                38.63043
                            ],
                            [
                                -75.70711,
                                38.63145
                            ],
                            [
                                -75.70727,
                                38.63323
                            ],
                            [
                                -75.70739,
                                38.63499
                            ],
                            [
                                -75.70745,
                                38.63535
                            ],
                            [
                                -75.70803,
                                38.64273
                            ],
                            [
                                -75.70857,
                                38.64856
                            ],
                            [
                                -75.70973,
                                38.66296
                            ],
                            [
                                -75.71133,
                                38.68442
                            ],
                            [
                                -75.71155,
                                38.68804
                            ],
                            [
                                -75.7118,
                                38.69137
                            ],
                            [
                                -75.71269,
                                38.70209
                            ],
                            [
                                -75.71292,
                                38.70557
                            ],
                            [
                                -75.7138,
                                38.71844
                            ],
                            [
                                -75.71457,
                                38.72673
                            ],
                            [
                                -75.7149,
                                38.73141
                            ],
                            [
                                -75.71593,
                                38.74007
                            ],
                            [
                                -75.71639,
                                38.75012
                            ],
                            [
                                -75.71683,
                                38.75607
                            ],
                            [
                                -75.71758,
                                38.76584
                            ],
                            [
                                -75.71833,
                                38.77524
                            ],
                            [
                                -75.71925,
                                38.78677
                            ],
                            [
                                -75.71955,
                                38.79046
                            ],
                            [
                                -75.72035,
                                38.80058
                            ],
                            [
                                -75.72047,
                                38.80181
                            ],
                            [
                                -75.72137,
                                38.81362
                            ],
                            [
                                -75.72181,
                                38.81983
                            ],
                            [
                                -75.72193,
                                38.82064
                            ],
                            [
                                -75.72226,
                                38.82224
                            ],
                            [
                                -75.72233,
                                38.82321
                            ],
                            [
                                -75.72275,
                                38.82871
                            ],
                            [
                                -75.72278,
                                38.82874
                            ],
                            [
                                -75.71792,
                                38.82989
                            ],
                            [
                                -75.68635,
                                38.83127
                            ],
                            [
                                -75.57003,
                                38.83507
                            ],
                            [
                                -75.5406,
                                38.84298
                            ],
                            [
                                -75.51015,
                                38.8748
                            ],
                            [
                                -75.50426,
                                38.88094
                            ],
                            [
                                -75.49605,
                                38.88514
                            ],
                            [
                                -75.48924,
                                38.89092
                            ],
                            [
                                -75.48581,
                                38.90342
                            ],
                            [
                                -75.47985,
                                38.9055
                            ],
                            [
                                -75.46418,
                                38.91074
                            ],
                            [
                                -75.44409,
                                38.91315
                            ],
                            [
                                -75.43243,
                                38.91204
                            ],
                            [
                                -75.42317,
                                38.91428
                            ],
                            [
                                -75.41453,
                                38.91781
                            ],
                            [
                                -75.40766,
                                38.91958
                            ],
                            [
                                -75.40439,
                                38.91606
                            ],
                            [
                                -75.40328,
                                38.92223
                            ],
                            [
                                -75.399,
                                38.93614
                            ],
                            [
                                -75.3984,
                                38.94997
                            ],
                            [
                                -75.37773,
                                38.96088
                            ],
                            [
                                -75.3635,
                                38.95484
                            ],
                            [
                                -75.34914,
                                38.94983
                            ],
                            [
                                -75.34315,
                                38.95339
                            ],
                            [
                                -75.32711,
                                38.94846
                            ],
                            [
                                -75.13619,
                                39.00008
                            ],
                            [
                                -75.13607,
                                39.00011
                            ],
                            [
                                -75.13465,
                                38.99757
                            ],
                            [
                                -75.13041,
                                38.98995
                            ],
                            [
                                -75.12812,
                                38.98585
                            ],
                            [
                                -75.12463,
                                38.97959
                            ],
                            [
                                -75.12443,
                                38.9793
                            ],
                            [
                                -75.11465,
                                38.96227
                            ],
                            [
                                -75.07573,
                                38.89443
                            ],
                            [
                                -75.06696,
                                38.87898
                            ],
                            [
                                -75.06464,
                                38.87495
                            ],
                            [
                                -75.06412,
                                38.87433
                            ],
                            [
                                -75.05204,
                                38.85325
                            ],
                            [
                                -75.04901,
                                38.84795
                            ],
                            [
                                -75.04897,
                                38.84789
                            ],
                            [
                                -75.04896,
                                38.84786
                            ],
                            [
                                -75.0488,
                                38.84759
                            ],
                            [
                                -75.04833,
                                38.84676
                            ],
                            [
                                -75.04817,
                                38.84649
                            ],
                            [
                                -75.04574,
                                38.84225
                            ],
                            [
                                -75.04332,
                                38.83802
                            ],
                            [
                                -75.04176,
                                38.8353
                            ],
                            [
                                -75.02971,
                                38.81427
                            ],
                            [
                                -75.02252,
                                38.80172
                            ],
                            [
                                -75.01611,
                                38.79053
                            ],
                            [
                                -75.01591,
                                38.79015
                            ],
                            [
                                -75.01532,
                                38.78903
                            ],
                            [
                                -75.01512,
                                38.78866
                            ],
                            [
                                -75.01737,
                                38.78664
                            ],
                            [
                                -75.0172,
                                38.78608
                            ],
                            [
                                -75.01675,
                                38.78452
                            ],
                            [
                                -75.01521,
                                38.77758
                            ],
                            [
                                -75.01453,
                                38.77562
                            ],
                            [
                                -75.01339,
                                38.77235
                            ],
                            [
                                -75.01338,
                                38.77221
                            ],
                            [
                                -75.01338,
                                38.77211
                            ],
                            [
                                -75.01315,
                                38.76757
                            ],
                            [
                                -75.01319,
                                38.76159
                            ],
                            [
                                -75.0132,
                                38.76106
                            ],
                            [
                                -75.01327,
                                38.75615
                            ],
                            [
                                -75.01387,
                                38.75011
                            ],
                            [
                                -75.01389,
                                38.75
                            ],
                            [
                                -75.01426,
                                38.74853
                            ],
                            [
                                -75.01421,
                                38.74504
                            ],
                            [
                                -75.01243,
                                38.734
                            ],
                            [
                                -75.01132,
                                38.72792
                            ],
                            [
                                -75.00986,
                                38.71991
                            ],
                            [
                                -75.00953,
                                38.71692
                            ],
                            [
                                -75.00899,
                                38.71197
                            ],
                            [
                                -75.00673,
                                38.70245
                            ],
                            [
                                -75.00594,
                                38.69989
                            ],
                            [
                                -75.00585,
                                38.69937
                            ],
                            [
                                -75.00464,
                                38.69222
                            ],
                            [
                                -75.00302,
                                38.68596
                            ],
                            [
                                -75.00275,
                                38.68327
                            ],
                            [
                                -75.0027,
                                38.67968
                            ],
                            [
                                -75.00214,
                                38.67591
                            ],
                            [
                                -75.00245,
                                38.67
                            ],
                            [
                                -75.00274,
                                38.66623
                            ],
                            [
                                -75.00261,
                                38.66197
                            ],
                            [
                                -75.00259,
                                38.65521
                            ],
                            [
                                -75.00192,
                                38.64973
                            ],
                            [
                                -75.00212,
                                38.64588
                            ],
                            [
                                -75.00213,
                                38.64566
                            ],
                            [
                                -75.00218,
                                38.64062
                            ],
                            [
                                -75.00175,
                                38.63645
                            ],
                            [
                                -75.00167,
                                38.63581
                            ],
                            [
                                -75.00186,
                                38.63343
                            ],
                            [
                                -75.00197,
                                38.63168
                            ],
                            [
                                -75.00108,
                                38.63053
                            ],
                            [
                                -75.00002,
                                38.62932
                            ],
                            [
                                -74.99962,
                                38.62878
                            ],
                            [
                                -74.99915,
                                38.62805
                            ],
                            [
                                -74.99774,
                                38.62584
                            ],
                            [
                                -74.99727,
                                38.62511
                            ],
                            [
                                -74.99663,
                                38.62298
                            ],
                            [
                                -74.99473,
                                38.61657
                            ],
                            [
                                -74.99409,
                                38.61444
                            ],
                            [
                                -74.99352,
                                38.6125
                            ],
                            [
                                -74.9923,
                                38.59584
                            ],
                            [
                                -74.98967,
                                38.57737
                            ],
                            [
                                -74.98884,
                                38.56095
                            ],
                            [
                                -74.98804,
                                38.55272
                            ],
                            [
                                -74.98776,
                                38.54978
                            ],
                            [
                                -74.98625,
                                38.53916
                            ],
                            [
                                -74.98517,
                                38.52817
                            ],
                            [
                                -74.98478,
                                38.51822
                            ],
                            [
                                -74.98439,
                                38.50993
                            ],
                            [
                                -74.98416,
                                38.50011
                            ],
                            [
                                -74.9842,
                                38.50011
                            ],
                            [
                                -74.9842,
                                38.49709
                            ],
                            [
                                -74.98443,
                                38.49245
                            ],
                            [
                                -74.98466,
                                38.48684
                            ],
                            [
                                -74.98468,
                                38.48623
                            ],
                            [
                                -74.9849,
                                38.47928
                            ],
                            [
                                -74.98513,
                                38.47385
                            ],
                            [
                                -74.98618,
                                38.4663
                            ],
                            [
                                -74.99196,
                                38.45142
                            ],
                            [
                                -75.05051,
                                38.45127
                            ],
                            [
                                -75.05243,
                                38.45127
                            ],
                            [
                                -75.05534,
                                38.45129
                            ],
                            [
                                -75.05766,
                                38.45129
                            ],
                            [
                                -75.0639,
                                38.45129
                            ],
                            [
                                -75.06639,
                                38.45127
                            ],
                            [
                                -75.07257,
                                38.45128
                            ],
                            [
                                -75.08478,
                                38.45128
                            ],
                            [
                                -75.09552,
                                38.45128
                            ],
                            [
                                -75.10619,
                                38.45127
                            ],
                            [
                                -75.11928,
                                38.45127
                            ],
                            [
                                -75.12537,
                                38.45123
                            ],
                            [
                                -75.12926,
                                38.45123
                            ],
                            [
                                -75.14121,
                                38.45117
                            ]
                        ]
                    ]
                },
                "data": [
                    {
                        "year": 2000,
                        "totalvotes": 66287,
                        "dvotes": 29739,
                        "rvotes": 34620,
                        "vote_perc": 0.2023851323088948,
                        "r_marg": 0.0149024971834555
                    },
                    {
                        "year": 2004,
                        "totalvotes": 77749,
                        "dvotes": 30098,
                        "rvotes": 47003,
                        "vote_perc": 0.2072367193538929,
                        "r_marg": 0.0450595729935762
                    },
                    {
                        "year": 2008,
                        "totalvotes": 89070,
                        "dvotes": 40299,
                        "rvotes": 47939,
                        "vote_perc": 0.2159733470413082,
                        "r_marg": 0.0185251641562321
                    },
                    {
                        "year": 2012,
                        "totalvotes": 93229,
                        "dvotes": 39975,
                        "rvotes": 52119,
                        "vote_perc": 0.2252250946400056,
                        "r_marg": 0.0293377977808217
                    },
                    {
                        "year": 2016,
                        "totalvotes": 106008,
                        "dvotes": 39333,
                        "rvotes": 62611,
                        "vote_perc": 0.2392973315846382,
                        "r_marg": 0.052546631241295
                    },
                    {
                        "year": 2020,
                        "totalvotes": 129352,
                        "dvotes": 56682,
                        "rvotes": 71230,
                        "vote_perc": 0.2566457014741771,
                        "r_marg": 0.0288645066566139
                    }
                ]
            }
        ]
    }
}